provider_npi,provider_specialty,peer_group,state,claim_line_count,total_billed,total_paid,avg_units_per_line,em_level5_share,max_visits_single_day,peer_deviation_sigma,leie_status,sanction_count,outlier_flag
1955010001,internal_medicine,primary_care_small_practice,TX,420,210000.00,158000.00,1.2,0.61,28,4.1,clear,0,yes
1955010002,psychiatry,behavioral_health_solo,FL,310,340000.00,265000.00,9.8,0.08,30,5.6,clear,0,yes
1955010003,durable_medical_equipment,dme_supplier,OH,95,410000.00,298000.00,2.1,0.00,6,6.9,excluded,1,yes
1955010004,clinical_laboratory,independent_lab,NY,640,128000.00,96000.00,3.4,0.00,40,2.8,clear,0,yes
1955010005,family_medicine,primary_care_small_practice,TX,510,145000.00,121000.00,1.0,0.09,22,0.6,clear,0,no
1955010006,home_health,home_health_agency,CA,180,96000.00,74000.00,4.2,0.00,5,1.1,clear,0,no
1955010007,pain_management,pain_management_solo,AZ,260,512000.00,401000.00,2.7,0.44,24,3.9,clear,0,yes
1955010008,physical_therapy,pt_clinic,NC,340,118000.00,89000.00,3.0,0.00,12,0.4,clear,0,no
1955010009,podiatry,podiatry_solo,GA,150,82000.00,61000.00,1.0,0.00,9,1.8,clear,0,yes
